Index,Organization Id,Name,Website,Country,Description,Founded,Industry,Number of employees,
1,E84A904909dF528,not available,http://www.day-hartman.org/,Western Sahara,Ergonomic zero administration knowledge user,1980,Online Publishing,6852,
2,nan,not available,https://www.chapman.net/,Algeria,nan,1970,Import / Export,7994,
3,nan,Gill-Lamb,http://lin.com/,Cote d'Ivoire,Programmable intermediate conglomeration,2005,Apparel / Fashion,5105,
4,D76BB12E5eE165B,Bauer-Weiss,no values,United States of America,,nan,Dairy,9069,
5,2F31EddF2Db9aAE,Love-Palmer,,Denmark,,2010,Management Consulting,6991,
6,6774DC1dB00BD11,"Farmer, Edwards and Andrade",,Norfolk Island,,nan,Mental Health Care,3503,
7,116B5cD4eE1fAAc,"Bass, Hester and Mcclain",https://meza-smith.com/,Uzbekistan,,1994,Computer Hardware,2762,
8,AB2eA15d98b6BD4,"Strickland, Gray and Jensen",http://kerr.info/,Israel,,1987,Performing Arts,7020,
9,nan,"Sparks, Decker and Powell",nan,Israel,,1977,Marketing / Advertising / Sales,2709,
10,nan,"Osborn, Ford and Macdonald",nan,Syrian Arab Republic,Optional coherent focus group,1990,Investment Banking / Venture,5731,
11,C494aBe0CDB9c70,not available,nan,Angola,,2019,Capital Markets / Hedge Fund / Private Equity,2252,
12,9FBF69aa2D9AAF1,not available,http://berger-chen.info/,Iran,,2019,Logistics / Procurement,6165,
13,4EB9d3E5cF79b91,"Bernard, Payne and Spencer",http://williamson.net/,Afghanistan,,1990,Transportation,730,
14,e5CA6529DCD4030,Mcpherson-Blanchard,http://www.ward.com/,Bulgaria,Integrated didactic product,1972,Law Enforcement,9890,
15,b0BBeBB36bAbb35,"Koch, Gomez and Hays",http://ewing-rosario.biz/,French Southern Territories,Operative national superstructure,1997,Financial Services,8497,
16,CDa7Ec784D5A8Bd,"Meza, Ramirez and Braun",https://hardy.biz/,Timor-Leste,Customer-focused multi-tasking ability,2012,Public Relations / PR,5205,
17,b7cBE6A9E79A56F,"Morales, Hinton and Gibbs",https://hudson.com/,Serbia,Seamless global utilization,2014,Museums / Institutions,6706,
18,e5cab57FFF6f4bd,Abbott-Arroyo,http://delgado.net/,Hungary,Visionary holistic firmware,1994,Architecture / Planning,117,
19,3851f381Ea54d70,Trevino-Foley,https://baxter.com/,Canada,Enterprise-wide 6thgeneration parallelism,1973,Wine / Spirits,6765,
20,2FaDD3Ac0fB4052,"Bowman, Walters and Sawyer",https://www.drake-calhoun.com/,Yemen,Exclusive client-server collaboration,1988,Think Tanks,5926,




















































































































































































































































































































































































































































































































































































































































































































































































































































































































































































































